{
    "type": "designer:plot",
    "generator": {
        "type": "minecraft:flat",
        "settings": {
            "layers": [
                {"block": "minecraft:bedrock", "height": 1},
                {"block": "minecraft:stone", "height": 20},
                {"block": "minecraft:dirt", "height": 5},
                {"block": "minecraft:grass_block", "height": 1}
            ],
            "biome": "minecraft:the_void",
            "features": true,
            "structure_overrides": []
        }
    }
}