{
    "type": "designer:plot",
    "generator": {
        "type": "minecraft:flat",
        "disable_mob_generation": true,
        "settings": {
            "layers": [
                {"block": "minecraft:bedrock", "height": 1},
                {"block": "minecraft:stone", "height": 20},
                {"block": "minecraft:quartz_block", "height": 50}
            ],
            "biome": "minecraft:the_void",
            "structure_overrides": []
        },
        "seed": 0
    }
}