{
    "pools": [
        {
            "rolls": 1,
            "entries": [
                {
                    "type": "item",
                    "functions": [
                        {
                            "function": "set_components",
                            "components": {
                                "minecraft:item_name": {
                                    "text": "Designer's Table",
                                    "color": "gold"
                                },
                                "minecraft:lore": [
                                    {
                                        "text": "Designer Pack",
                                        "color": "blue",
                                        "italic": false
                                    },
                                    "",
                                    {
                                        "text": "A table used to easily",
                                        "color": "#4ba3b9",
                                        "italic": false
                                    },
                                    {
                                        "text": "teleport to a plot",
                                        "color": "#4ba3b9",
                                        "italic": false
                                    }
                                ],
                                "minecraft:entity_data": {
                                    "id": "minecraft:marker",
                                    "Tags": [
                                        "d.designers_table.place"
                                    ]
                                },
                                "item_model": "smithing_table",
                                "enchantment_glint_override": true
                            }
                        }
                    ],
                    "name": "cod_spawn_egg"
                }
            ]
        }
    ]
}