{
    "ultrawarm": false,
    "natural": true,
    "piglin_safe": false,
    "respawn_anchor_works": false,
    "bed_works": true,
    "has_raids": false,
    "has_skylight": true,
    "has_ceiling": false,
    "coordinate_scale": 1,
    "ambient_light": 0,
    "logical_height": 384,
    "infiniburn": "#infiniburn_overworld",
    "min_y": -64,
    "height": 384,
    "monster_spawn_light_level": 0,
    "monster_spawn_block_light_limit": 0,
    "fixed_time": 6000,
    "effects": "overworld"
}