{
	"criteria": {
		"requirement": {
			"trigger": "minecraft:inventory_changed",
			"conditions": {
				"items": [
					{
						"items": [
							"minecraft:paper",
							"minecraft:feather",
							"minecraft:acacia_planks",
							"minecraft:bamboo_planks",
							"minecraft:birch_planks",
							"minecraft:cherry_planks",
							"minecraft:crimson_planks",
							"minecraft:dark_oak_planks",
							"minecraft:jungle_planks",
							"minecraft:mangrove_planks",
							"minecraft:pale_oak_planks",
							"minecraft:spruce_planks",
							"minecraft:warped_planks"
						]
					}
				]
			}
		}
	},
	"rewards": {
		"recipes": [
			"designer:designers_table/type_1",
			"designer:designers_table/type_2"
		]
	}
}