{
    "type": "designer:plot",
    "generator": {
        "type": "minecraft:flat",
        "settings": {
            "layers": [
                {"block": "minecraft:bedrock", "height": 1},
                {"block": "minecraft:stone", "height": 20},
                {"block": "minecraft:gravel", "height": 5},
                {"block": "minecraft:water", "height": 30}
            ],
            "biome": "minecraft:the_void",
            "features": true,
            "structure_overrides": []
        }
    }
}