{
  "criteria": {
    "requirement": {
      "trigger": "minecraft:inventory_changed",
      "conditions": {
        "player": [
          {
            "condition": "minecraft:value_check",
            "value": {
              "type": "minecraft:score",
              "target": {
                "type": "minecraft:fixed",
                "name": "#v2.0"
              },
              "score": "tbs.version_control"
            },
            "range": 1
          }
        ]
      }
    }
  },
  "rewards": {
    "function": "theblackswitch:v2.0/patch-1/events/inventory_changed"
  }
}
